[
    {
        "Car": "73671201",
        "Loc": "\u05de\u05e9\u05e8\u05d3",
        "Name": "\u05dc\u05e0\u05d3\u05e8\u05de\u05df \u05d2\u05e8\u05d9\u05d2\u05d5\u05e8\u05d9",
        "Phone": "0542511678"
    },
    {
        "Car": "53625603",
        "Loc": "\u05de\u05e9\u05e8\u05d3",
        "Name": "\u05e6'\u05e8\u05d8\u05d9\u05df \u05e1\u05d9\u05de\u05d5\u05df",
        "Phone": "0527479898"
    },
    {
        "Car": "76878602",
        "Loc": "\u05e6\u05e4\u05d5\u05df",
        "Name": "\u05d0\u05de\u05d0\u05e8\u05d4",
        "Phone": "0542511328"
    },
    {
        "Car": "73671301",
        "Loc": "\u05de\u05e9\u05e8\u05d3",
        "Name": "\u05d2\u05e8\u05d1\u05e8\u05e0\u05d9\u05e7 \u05d0\u05dc\u05db\u05e1\u05e0\u05d3\u05e8",
        "Phone": "0542511742"
    },
    {
        "Car": "-",
        "Loc": "-",
        "Name": "\u05d9\u05d4\u05d5\u05d3\u05d4 \u05e2\u05d5\u05d3\u05d3",
        "Phone": "0542511232"
    },
    {
        "Car": "73671101",
        "Loc": "\u05de\u05e9\u05e8\u05d3",
        "Name": "\u05e2\u05e8\u05d2\u05d9 \u05d0\u05e8\u05d9\u05d0\u05dc",
        "Phone": "0523000710"
    },
    {
        "Car": "76985001",
        "Loc": "\u05e6\u05e4\u05d5\u05df",
        "Name": "\u05d0\u05e8\u05d5\u05e0\u05d5\u05d1 \u05d5\u05dc\u05d3\u05d9\u05de\u05d9\u05e8",
        "Phone": "0523000654"
    },
    {
        "Car": "76982801",
        "Loc": "\u05d7\u05d5\u05e5",
        "Name": "\u05e8\u05d9\u05d8\u05d1\u05d9\u05df \u05d0\u05d9\u05dc\u05d9\u05d4",
        "Phone": "0523152368"
    },
    {
        "Car": "39872502",
        "Loc": "-",
        "Name": "\u05e8\u05d5\u05e0\u05d3\u05dc \u05d0\u05e0\u05d3\u05e8\u05d9\u05d9",
        "Phone": "0542511325"
    },
    {
        "Car": "76984301",
        "Loc": "\u05de\u05e9\u05e8\u05d3",
        "Name": "\u05de\u05d9\u05e8\u05d5\u05e6'\u05e0\u05d9\u05e7 \u05e1\u05e8\u05d2\u05d9\u05d9",
        "Phone": "0542511514"
    },
    {
        "Car": "73671101",
        "Loc": "\u05d7\u05d5\u05e5",
        "Name": "\u05e9\u05d5\u05e8\u05e7 \u05d9\u05d4\u05d5\u05d3\u05d4",
        "Phone": "0534683263"
    },
    {
        "Car": "76985301",
        "Loc": "\u05d7\u05d5\u05e5",
        "Name": "\u05d2\u05d9\u05d0\u05ea \u05d0\u05d1\u05e0\u05e8",
        "Phone": "0542511588"
    },
    {
        "Car": "77169701",
        "Loc": "-",
        "Name": "\u05d0\u05d3\u05e8\u05d9 \u05d0\u05e8\u05d6",
        "Phone": "0542511632"
    },
    {
        "Car": "19382703",
        "Loc": "\u05de\u05e9\u05e8\u05d3",
        "Name": "\u05ea\u05e0\u05e2\u05de\u05d9 \u05e9\u05de\u05e2\u05d5\u05df",
        "Phone": "0506695052"
    },
    {
        "Car": "76983501",
        "Loc": "\u05d7\u05d5\u05e5",
        "Name": "\u05e1\u05d5\u05dc\u05d5\u05de\u05d5\u05e0\u05d5\u05d1\u05d9\u05e5 \u05d0\u05d9\u05dc\u05df",
        "Phone": "0542511305"
    },
    {
        "Car": "-",
        "Loc": "\u05de\u05e9\u05e8\u05d3",
        "Name": "\u05d1\u05e8-\u05d0\u05e9\u05e8 \u05d0\u05dc\u05d9\u05e9\u05e2",
        "Phone": "0542511716"
    },
    {
        "Car": "76984701",
        "Loc": "\u05e6\u05e4\u05d5\u05df",
        "Name": "\u05d1\u05d5\u05db\u05de\u05df \u05dc\u05d0\u05d5\u05e0\u05d9\u05d3",
        "Phone": "0542511219"
    },
    {
        "Car": "83353402",
        "Loc": "\u05d7\u05d5\u05e5",
        "Name": "\u05de\u05e8\u05e6\u05d1\u05da \u05e2\u05d6\u05e8\u05d9\u05d0\u05dc",
        "Phone": "0542511677"
    },
    {
        "Car": "76984001",
        "Loc": "\u05e6\u05e4\u05d5\u05df",
        "Name": "\u05e4\u05e8\u05d9\u05d3\u05de\u05df \u05d0\u05dc\u05db\u05e1\u05e0\u05d3\u05e8",
        "Phone": "0542511316"
    },
    {
        "Car": "53799002",
        "Loc": "\u05e6\u05e4\u05d5\u05df",
        "Name": "\u05e1\u05e0\u05e1\u05d5\u05e8\u05d4 \u05d0\u05dc\u05d9\u05e2\u05d6\u05e8",
        "Phone": "0542511656"
    },
    {
        "Car": "73670901",
        "Loc": "\u05de\u05e9\u05e8\u05d3",
        "Name": "\u05d5\u05d5\u05dc\u05d5\u05d1 \u05de\u05d9\u05db\u05d0\u05dc",
        "Phone": "0542511559"
    },
    {
        "Car": "53626003",
        "Loc": "\u05de\u05e9\u05e8\u05d3",
        "Name": "\u05d7\u05df \u05e0\u05d5\u05d9",
        "Phone": "0542511670"
    },
    {
        "Car": "53625603",
        "Loc": "\u05d7\u05d5\u05e5",
        "Name": "\u05d2\u05e8\u05d9\u05d8\u05d5\u05df \u05d1\u05d5\u05e8\u05d9\u05e1",
        "Phone": "0528880730"
    },
    {
        "Car": "-",
        "Loc": "-",
        "Name": "\u05e1\u05d9\u05e8\u05d9\u05e1 \u05e6\u05d1\u05d9",
        "Phone": "0542511587"
    },
    {
        "Car": "19391003",
        "Loc": "\u05d7\u05d5\u05e5",
        "Name": "\u05d3\u05d2\u05e9 \u05de\u05d5\u05e1\u05d0",
        "Phone": "0542511560"
    },
    {
        "Car": "19602703",
        "Loc": "-",
        "Name": "\u05d0\u05d1\u05d6\u05d9\u05d9\u05d1 \u05d0\u05d5\u05dc\u05d2",
        "Phone": "0542511319"
    },
    {
        "Car": "75080202",
        "Loc": "-",
        "Name": "\u05d0\u05d9\u05d0\u05d5\u05e4\u05d3\u05d5\u05d1 \u05de\u05e8\u05e7",
        "Phone": "0542511664"
    },
    {
        "Car": "33975403",
        "Loc": "-",
        "Name": "\u05dc\u05d9\u05d8\u05d9\u05e6\u05d1\u05e1\u05e7\u05d9 \u05de\u05d9\u05db\u05d0\u05dc",
        "Phone": "0542511577"
    },
    {
        "Car": "7090234",
        "Loc": "-",
        "Name": "\u05e0\u05d2\u05e8\u05e8",
        "Phone": "0542511000"
    },
    {
        "Car": "19604003",
        "Loc": "-",
        "Name": "\u05e1\u05e1\u05e0\u05d5\u05d1\u05d9\u05e5 \u05d0\u05dc\u05db\u05e1\u05e0\u05d3\u05e8",
        "Phone": "0542511594"
    },
    {
        "Car": "19381303",
        "Loc": "-",
        "Name": "\u05e4\u05e8\u05d1\u05e8 \u05d9\u05e2\u05e7\u05d1",
        "Phone": "0542511614"
    },
    {
        "Car": "19956603",
        "Loc": "-",
        "Name": "\u05e6\u05d9\u05e7\u05dc \u05e8\u05d5\u05de\u05df",
        "Phone": "0542511615"
    },
    {
        "Car": "19379503",
        "Loc": "-",
        "Name": "\u05e7\u05dc\u05e0\u05e8 \u05de\u05d9\u05db\u05d0\u05dc",
        "Phone": "0542511578"
    },
    {
        "Car": "53926403",
        "Loc": "-",
        "Name": "\u05e9\u05de\u05e8\u05d9\u05d4\u05d5 \u05e2\u05d3\u05d9",
        "Phone": "0542511391"
    }
]